,t,o,h,l,c,v
0,1525622400,9594.1,9615.0,9577.5,9597.9,307.34869999999995
1,1525626000,9597.9,9649.8,9597.9,9609.92,469.1762
2,1525629600,9610.0,9627.9,9562.0,9580.9,351.9657
3,1525633200,9581.0,9594.0,9530.9,9552.1,485.8124
4,1525636800,9552.0,9589.8,9536.2,9553.7,677.0355
5,1525640400,9557.4,9587.5,9541.0,9565.2,643.4211
6,1525644000,9565.2,9674.3,9565.2,9651.5,777.5899999999999
7,1525647600,9651.5,9667.0,9609.5,9658.7,357.8383
8,1525651200,9658.6,9677.9,9482.0,9482.1,1201.8339999999998
9,1525654800,9482.2,9487.4,9311.0,9356.9,3467.973
10,1525658400,9356.9,9375.8,9280.0,9339.1,1187.58
11,1525662000,9338.7,9355.9,9259.4,9355.9,1225.939
12,1525665600,9355.9,9387.8,9340.11,9353.8,772.4104
13,1525669200,9353.8,9400.0,9299.9,9370.3,916.765
14,1525672800,9370.2,9383.9,9358.58,9373.1,426.95680000000004
15,1525676400,9373.0,9373.1,9258.0,9325.1,1380.5780000000002
16,1525680000,9325.1,9418.0,9286.0,9403.4,1321.906
17,1525683600,9400.72,9400.72,9263.0,9280.9,1831.118
18,1525687200,9281.3,9338.4,9281.3,9303.9,622.3138
19,1525690800,9303.8,9346.4,9274.9,9337.5,474.20529999999997
20,1525694400,9339.64,9371.4,9306.1,9339.7,447.51210000000003
21,1525698000,9339.7,9339.7,9270.0,9278.8,899.591
22,1525701600,9278.8,9330.4,9182.7,9302.4,3162.1400000000003
23,1525705200,9302.0,9365.7,9302.0,9356.0,723.0440000000001
24,1525708800,9356.0,9414.1,9333.3,9348.0,1226.6899999999998
25,1525712400,9348.1,9395.84,9346.8,9350.9,560.0160000000001
26,1525716000,9350.9,9380.1,9348.0,9377.0,323.8304
27,1525719600,9377.0,9449.0,9376.0,9426.5,1065.305
28,1525723200,9426.4,9444.1,9378.6,9440.2,569.9206
29,1525726800,9440.2,9449.0,9391.0,9391.8,573.6154
30,1525730400,9391.2,9391.8,9280.8,9310.54,964.407
31,1525734000,9310.54,9373.9,9286.6,9370.0,431.87429999999995
32,1525737600,9370.0,9405.8,9353.3,9379.9,576.2755999999999
33,1525741200,9380.0,9445.0,9380.0,9415.0,705.9830000000001
34,1525744800,9415.0,9471.0,9414.0,9434.0,982.8625999999999
35,1525748400,9434.0,9452.9,9395.3,9433.3,662.2681
36,1525752000,9433.3,9433.3,9401.0,9416.44,318.94370000000004
37,1525755600,9416.5,9416.5,9315.1,9325.0,1205.065
38,1525759200,9325.0,9362.0,9305.0,9324.7,749.2280000000001
39,1525762800,9324.8,9370.0,9324.7,9355.1,972.6410000000001
40,1525766400,9355.2,9394.1,9355.1,9389.3,650.122
41,1525770000,9389.3,9389.3,9259.4,9300.2,2280.0950000000003
42,1525773600,9300.2,9351.1,9276.1,9297.2,1496.855
43,1525777200,9297.1,9303.7,9169.7,9206.0,2544.828
44,1525780800,9206.0,9206.1,9045.3,9129.9,3614.215
45,1525784400,9129.8,9177.1,9106.2,9127.77,659.8195999999999
46,1525788000,9127.77,9170.1,9095.1,9133.1,965.075
47,1525791600,9133.1,9185.3,9119.6,9185.3,1544.247
48,1525795200,9185.3,9185.3,9111.4,9125.4,692.9444
49,1525798800,9125.5,9166.5,9120.5,9125.0,570.3670999999999
50,1525802400,9125.0,9244.7,9065.0,9217.2,1227.431
51,1525806000,9217.3,9272.2,9199.5,9237.6,845.2592999999999
52,1525809600,9243.9,9248.9,9159.2,9161.6,578.223
53,1525813200,9161.6,9240.0,9161.5,9185.5,395.8605
54,1525816800,9185.5,9255.8,9185.4,9207.1,717.4465
55,1525820400,9205.7,9257.8,9169.8,9184.7,900.421
56,1525824000,9184.8,9203.1,9125.0,9129.9,709.9359999999999
57,1525827600,9129.9,9170.0,9129.9,9167.6,232.7112
58,1525831200,9167.7,9170.0,9082.0,9084.1,1045.5574
59,1525834800,9084.1,9089.6,9008.0,9048.0,2409.495
60,1525838400,9048.0,9086.8,8980.0,9083.4,2138.069
61,1525842000,9083.4,9091.2,9019.9,9076.0,1553.884
62,1525845600,9076.0,9115.6,9048.6,9094.2,718.3991
63,1525849200,9094.1,9098.1,9028.0,9028.0,559.4812
64,1525852800,9028.04,9138.0,9021.0,9113.2,1087.407
65,1525856400,9113.21,9133.9,9079.7,9112.8,506.24119999999994
66,1525860000,9112.9,9228.6,9098.5,9204.0,828.0373999999999
67,1525863600,9206.7,9263.4,9183.2,9247.0,1376.1480000000001
68,1525867200,9247.0,9333.0,9246.9,9276.8,1611.9970000000003
69,1525870800,9276.8,9297.4,9247.56,9270.0,1074.487
70,1525874400,9270.0,9320.4,9249.76,9315.0,763.4359999999999
71,1525878000,9315.0,9320.9,9285.0,9285.1,878.422
72,1525881600,9285.1,9310.6,9285.0,9304.2,562.758
73,1525885200,9304.3,9375.8,9304.2,9314.9,1446.534
74,1525888800,9314.9,9346.4,9276.0,9280.2,591.8823
75,1525892400,9281.1,9297.0,9258.0,9281.9,464.7694
76,1525896000,9283.3,9313.5,9258.0,9259.0,551.1844000000001
77,1525899600,9258.2,9278.4,9228.0,9260.9,615.8561
78,1525903200,9258.1,9346.1,9249.0,9326.28,732.2251000000001
79,1525906800,9326.28,9327.8,9285.9,9318.2,347.9141
80,1525910400,9318.2,9374.0,9317.5,9328.4,1062.7017
81,1525914000,9328.6,9366.8,9317.0,9318.3,522.2551
82,1525917600,9318.4,9325.7,9291.0,9325.0,653.712
83,1525921200,9324.9,9343.2,9305.5,9333.7,415.7681
84,1525924800,9333.7,9360.8,9333.0,9346.6,334.32
85,1525928400,9346.6,9363.0,9302.3,9302.4,422.5379
86,1525932000,9302.4,9335.9,9267.1,9288.6,838.3488
87,1525935600,9290.4,9390.0,9290.31,9364.4,769.295
88,1525939200,9364.4,9380.0,9340.3,9350.0,881.0017
89,1525942800,9349.4,9353.1,9314.5,9346.1,493.5458
90,1525946400,9346.2,9385.0,9315.0,9374.56,608.095
91,1525950000,9375.0,9375.0,9320.0,9334.3,460.0689
92,1525953600,9333.6,9362.5,9321.0,9341.0,687.4105000000001
93,1525957200,9346.7,9393.9,9338.31,9379.9,1002.2166
94,1525960800,9379.9,9380.0,9326.8,9326.9,1022.7648999999999
95,1525964400,9326.9,9366.1,9320.0,9344.4,609.0514
96,1525968000,9344.3,9372.0,9344.3,9359.1,738.256
97,1525971600,9359.1,9361.4,9112.0,9159.6,4839.1359999999995
98,1525975200,9159.6,9165.0,9082.8,9130.0,1746.951
99,1525978800,9130.0,9135.5,9060.4,9088.0,915.7242
100,1525982400,9088.0,9108.4,9047.1,9095.2,1225.654
101,1525986000,9095.3,9133.9,9094.24,9100.0,444.63919999999996
102,1525989600,9104.6,9107.2,9045.6,9100.0,664.9123
103,1525993200,9100.0,9104.4,9003.0,9018.0,2297.9591
104,1525996800,9018.0,9018.1,8870.0,8939.5,5395.028
105,1526000400,8939.5,8951.8,8900.6,8920.0,642.024
106,1526004000,8920.0,8959.0,8898.9,8900.0,782.4118
107,1526007600,8900.0,8939.0,8899.9,8925.7,373.18300000000005
108,1526011200,8925.6,8972.8,8925.6,8947.0,525.1929
109,1526014800,8945.9,9004.4,8945.8,9001.1,975.0440000000001
110,1526018400,9001.1,9001.4,8820.0,8820.0,3921.6584000000003
111,1526022000,8820.0,8856.6,8690.0,8740.1,8498.24
112,1526025600,8735.4,8831.5,8735.4,8794.5,2896.9130000000005
113,1526029200,8794.5,8794.6,8675.0,8750.6,2454.457
114,1526032800,8752.1,8790.7,8705.7,8728.1,1693.7340000000002
115,1526036400,8730.3,8744.4,8625.0,8626.2,3250.16
116,1526040000,8625.2,8625.3,8510.0,8545.5,5336.687000000001
117,1526043600,8545.5,8624.0,8523.0,8533.8,1834.2020000000002
118,1526047200,8529.8,8669.6,8529.7,8638.88,1645.268
119,1526050800,8638.8,8652.8,8555.0,8578.0,1101.129
120,1526054400,8577.9,8679.8,8564.0,8639.4,1416.886
121,1526058000,8639.4,8650.0,8550.2,8596.4,790.809
122,1526061600,8596.5,8655.2,8566.0,8616.5,836.0861
123,1526065200,8616.5,8675.6,8599.5,8600.2,1042.7060000000001
124,1526068800,8600.3,8635.6,8383.52,8436.5,5145.370000000001
125,1526072400,8435.8,8450.0,8333.8,8385.3,1899.997
126,1526076000,8384.9,8466.0,8383.5,8425.1,1216.1453
127,1526079600,8425.0,8484.0,8368.6,8412.4,818.038
128,1526083200,8412.4,8471.2,8412.4,8460.2,716.0600000000001
129,1526086800,8460.2,8482.7,8368.8,8449.7,2090.982
130,1526090400,8449.7,8486.5,8395.5,8432.3,1691.7350000000001
131,1526094000,8432.2,8462.7,8340.5,8407.4,803.0799999999999
132,1526097600,8407.42,8448.8,8367.75,8381.6,491.85940000000005
133,1526101200,8381.6,8390.0,8296.6,8315.0,2624.823
134,1526104800,8314.9,8330.1,8204.41,8300.0,3766.802
135,1526108400,8299.8,8347.4,8267.1,8328.7,1581.1720000000003
136,1526112000,8328.7,8328.8,8234.3,8249.8,1667.358
137,1526115600,8249.8,8530.0,8218.2,8506.8,3442.867
138,1526119200,8506.8,8579.1,8455.0,8573.3,1904.031
139,1526122800,8573.3,8580.0,8481.1,8518.6,1182.2133
140,1526126400,8518.7,8631.7,8518.66,8609.9,1551.913
141,1526130000,8609.9,8629.9,8527.0,8527.0,1061.732
142,1526133600,8527.0,8527.1,8450.0,8488.6,1558.182
143,1526137200,8488.6,8500.1,8317.0,8337.6,1886.721
144,1526140800,8340.3,8399.7,8266.0,8316.7,3022.23
145,1526144400,8315.9,8400.0,8280.4,8375.4,969.8380999999999
146,1526148000,8375.5,8380.2,8324.1,8362.2,426.4371
147,1526151600,8362.1,8494.8,8337.4,8481.5,942.9563
148,1526155200,8482.1,8512.0,8425.1,8426.5,765.716
149,1526158800,8426.5,8426.5,8336.0,8404.0,828.1718000000001
150,1526162400,8404.4,8500.0,8372.8,8451.5,854.0609
151,1526166000,8451.5,8534.8,8428.8,8470.8,825.1655
152,1526169600,8471.4,8520.2,8397.1,8412.2,620.4998
153,1526173200,8414.6,8470.0,8413.8,8426.3,168.2276
154,1526176800,8426.4,8426.4,8363.7,8405.2,1139.7265
155,1526180400,8405.2,8448.0,8383.2,8432.8,474.5879
156,1526184000,8432.8,8449.0,8318.3,8327.7,991.1136
157,1526187600,8327.4,8399.8,8326.2,8379.9,727.4716000000001
158,1526191200,8375.9,8500.0,8370.3,8433.6,1079.6488
159,1526194800,8433.8,8476.9,8407.5,8451.0,581.9053
160,1526198400,8451.1,8463.0,8386.7,8421.8,462.1697
161,1526202000,8419.9,8598.0,8382.2,8588.4,2485.505
162,1526205600,8588.2,8593.3,8512.0,8538.1,670.3454
163,1526209200,8538.1,8578.4,8530.3,8550.1,399.9578
164,1526212800,8550.1,8610.0,8538.0,8561.1,854.0152
165,1526216400,8561.2,8573.3,8507.19,8558.8,518.2458
166,1526220000,8558.8,8639.0,8558.8,8638.6,2084.048
167,1526223600,8638.6,8638.6,8555.0,8607.2,1514.014
168,1526227200,8607.2,8676.8,8594.0,8646.9,1833.667
169,1526230800,8646.9,8673.0,8555.0,8563.0,1051.6090000000002
170,1526234400,8563.0,8644.0,8560.8,8619.0,694.1726
171,1526238000,8619.0,8635.0,8592.8,8613.6,319.96979999999996
172,1526241600,8613.5,8735.1,8612.5,8713.3,956.0627000000001
173,1526245200,8713.3,8760.0,8625.0,8636.4,1737.272
174,1526248800,8635.4,8750.0,8634.8,8742.6,708.5350000000001
175,1526252400,8742.6,8746.0,8640.1,8683.6,828.259
176,1526256000,8683.5,8694.7,8577.8,8669.5,1223.8115999999998
177,1526259600,8669.4,8701.0,8639.91,8687.7,411.53770000000003
178,1526263200,8687.8,8689.0,8582.1,8618.9,732.5240000000001
179,1526266800,8618.9,8629.8,8381.2,8390.8,3866.1359999999995
180,1526270400,8392.5,8424.0,8333.8,8372.8,1468.862
181,1526274000,8373.4,8374.8,8271.0,8369.9,1984.752
182,1526277600,8369.9,8392.9,8331.1,8378.6,846.9780000000001
183,1526281200,8378.9,8389.8,8311.1,8374.7,1005.458
184,1526284800,8374.6,8443.0,8346.6,8428.0,990.9219999999999
185,1526288400,8428.0,8428.1,8350.0,8394.8,729.146
186,1526292000,8394.8,8425.0,8326.1,8391.7,1101.3
187,1526295600,8391.6,8446.9,8382.7,8412.0,577.9595999999999
188,1526299200,8412.0,8422.0,8360.1,8416.1,579.6908
189,1526302800,8416.1,8720.0,8313.3,8679.6,5082.939
190,1526306400,8679.6,8825.0,8669.9,8740.0,5400.801
191,1526310000,8739.9,8813.5,8709.9,8778.9,1566.2220000000002
192,1526313600,8778.9,8808.0,8726.0,8774.6,1659.8020000000001
193,1526317200,8774.6,8777.7,8687.7,8742.16,770.034
194,1526320800,8742.2,8757.6,8715.0,8729.0,602.2198000000001
195,1526324400,8728.8,8779.88,8727.7,8753.5,729.2633
196,1526328000,8753.5,8884.5,8743.2,8812.4,2125.3786
197,1526331600,8812.4,8849.2,8707.9,8730.1,916.9801
198,1526335200,8730.8,8743.7,8605.8,8605.8,2267.47
199,1526338800,8606.0,8689.0,8602.0,8670.8,514.4708
200,1526342400,8670.8,8748.9,8660.4,8697.2,1301.9394
201,1526346000,8697.5,8723.7,8656.1,8707.3,307.6939
202,1526349600,8706.3,8730.0,8615.0,8672.2,755.2349
203,1526353200,8672.2,8708.9,8627.5,8707.1,433.9318
204,1526356800,8707.1,8741.7,8672.9,8690.46,508.9764
205,1526360400,8689.9,8746.1,8682.4,8723.8,604.5529
206,1526364000,8723.8,8793.0,8714.9,8739.0,1028.8319999999999
207,1526367600,8738.9,8754.8,8719.3,8743.0,262.6492
208,1526371200,8743.0,8743.1,8653.2,8723.7,1024.692
209,1526374800,8723.0,8737.8,8701.2,8708.1,235.8992
210,1526378400,8708.1,8855.7,8695.8,8784.4,1969.2475
211,1526382000,8784.4,8804.9,8734.8,8755.2,657.2080000000001
212,1526385600,8755.2,8789.1,8743.0,8761.4,503.1111
213,1526389200,8761.4,8798.1,8633.0,8742.6,2377.492
214,1526392800,8742.6,8742.7,8480.2,8512.0,3662.5998
215,1526396400,8512.0,8544.0,8472.5,8520.8,1597.7699999999998
216,1526400000,8520.7,8580.0,8485.7,8532.1,1227.347
217,1526403600,8532.2,8578.4,8499.0,8553.8,955.6539
218,1526407200,8553.1,8553.1,8438.1,8516.5,2752.5550000000003
219,1526410800,8516.5,8560.5,8436.8,8550.0,1422.3541
220,1526414400,8549.9,8558.0,8479.3,8516.7,571.9945
221,1526418000,8510.4,8540.9,8476.0,8476.0,453.07640000000004
222,1526421600,8476.0,8552.0,8415.0,8459.9,1190.621
223,1526425200,8460.0,8498.4,8451.0,8467.5,402.87420000000003
224,1526428800,8468.3,8492.7,8420.0,8454.2,502.13280000000003
225,1526432400,8454.3,8462.1,8282.0,8327.9,1969.7069999999999
226,1526436000,8327.8,8328.7,8100.0,8124.4,4539.262
227,1526439600,8124.5,8217.0,8124.5,8152.0,1038.2160000000001
228,1526443200,8152.0,8236.87,8152.0,8205.3,717.833
229,1526446800,8205.2,8221.3,8152.0,8197.6,1038.879
230,1526450400,8197.6,8270.8,8156.1,8223.9,1793.2856
231,1526454000,8224.0,8241.4,8197.33,8221.1,544.7563
232,1526457600,8221.1,8241.9,8177.4,8194.2,994.2509
233,1526461200,8194.2,8258.5,8194.2,8225.1,638.9913
234,1526464800,8225.1,8420.0,8225.1,8357.2,3156.968
235,1526468400,8358.7,8426.3,8356.8,8358.5,1255.752
236,1526472000,8358.4,8380.0,8342.2,8348.6,655.853
237,1526475600,8348.6,8372.8,8121.7,8158.1,3072.5159999999996
238,1526479200,8158.1,8212.0,8158.07,8205.9,668.3100000000001
239,1526482800,8205.8,8370.2,8205.8,8276.0,1908.302
240,1526486400,8276.0,8318.5,8192.6,8255.2,1847.23
241,1526490000,8255.2,8349.3,8240.9,8286.4,2710.6891
242,1526493600,8286.4,8328.0,8266.1,8266.2,282.3305
243,1526497200,8266.2,8375.0,8227.01,8227.4,745.8766999999999
244,1526500800,8227.3,8290.8,8222.0,8290.0,530.7919
245,1526504400,8290.0,8314.0,8252.2,8271.9,494.76800000000003
246,1526508000,8271.9,8366.9,8271.9,8278.1,814.9348
247,1526511600,8277.0,8357.3,8274.0,8336.1,840.1815999999999
248,1526515200,8336.0,8396.8,8319.2,8346.07,942.9046999999999
249,1526518800,8344.7,8376.1,8311.3,8368.7,684.8884
250,1526522400,8368.7,8394.0,8354.9,8373.5,582.0793
251,1526526000,8373.6,8482.2,8320.9,8355.0,2228.813
252,1526529600,8355.1,8373.5,8316.4,8316.4,310.1992
253,1526533200,8316.3,8374.8,8274.2,8352.2,901.0336
254,1526536800,8352.2,8364.3,8333.1,8337.8,335.7489
255,1526540400,8337.8,8345.7,8190.4,8246.7,2197.7111
256,1526544000,8244.6,8280.6,8202.5,8270.1,1013.5346
257,1526547600,8270.1,8315.6,8263.0,8279.4,404.5535
258,1526551200,8279.5,8313.2,8256.7,8296.4,431.8634
259,1526554800,8296.5,8316.0,8280.0,8302.0,531.793
260,1526558400,8302.1,8337.4,8227.8,8274.8,1245.699
261,1526562000,8275.1,8299.9,8266.44,8288.8,390.086
262,1526565600,8292.8,8363.0,8287.8,8311.8,788.3047
263,1526569200,8311.8,8323.8,8286.9,8300.9,287.9371
264,1526572800,8300.9,8320.6,8218.3,8270.9,1788.7690000000002
265,1526576400,8269.2,8271.0,8228.76,8250.0,503.58860000000004
266,1526580000,8249.9,8266.4,8119.4,8163.4,1825.0222999999999
267,1526583600,8163.3,8192.0,8153.0,8170.0,683.5844
268,1526587200,8170.9,8232.0,8170.0,8206.1,773.5600000000001
269,1526590800,8206.1,8206.5,8144.4,8147.1,596.708
270,1526594400,8147.0,8147.0,7982.5,8069.9,4820.4490000000005
271,1526598000,8069.9,8093.0,7990.7,8054.3,929.933
272,1526601600,8054.8,8063.0,7925.0,7958.0,1723.913
273,1526605200,7958.0,8024.9,7941.3,7981.1,949.6400000000001
274,1526608800,7982.3,8022.7,7944.8,7995.1,958.3520000000001
275,1526612400,7995.1,8023.0,7977.03,7996.0,629.4127
276,1526616000,7997.9,8057.0,7995.8,8016.0,1169.532
277,1526619600,8017.5,8046.2,7990.12,8035.7,622.6030000000001
278,1526623200,8035.5,8035.5,7950.8,7964.0,772.6492999999999
279,1526626800,7966.2,8161.0,7966.1,8085.0,3444.286
280,1526630400,8085.0,8138.7,8080.3,8123.6,864.9416
281,1526634000,8123.3,8130.8,8085.1,8102.4,553.3531
282,1526637600,8102.4,8145.8,8093.1,8130.0,704.104
283,1526641200,8130.0,8131.7,8050.0,8101.5,914.2950000000001
284,1526644800,8102.0,8128.0,8079.7,8105.5,1023.1410000000001
285,1526648400,8105.5,8116.0,8050.0,8095.7,823.924
286,1526652000,8095.7,8095.8,8036.7,8074.9,811.3389999999999
287,1526655600,8074.9,8133.0,8066.2,8105.0,630.4209000000001
288,1526659200,8105.0,8157.6,8080.0,8130.0,1052.0525
289,1526662800,8130.0,8143.9,8093.8,8103.3,600.4655
290,1526666400,8103.3,8224.0,8085.9,8209.1,1344.1153
291,1526670000,8209.1,8277.2,8200.3,8224.9,2760.1224999999995
292,1526673600,8225.0,8250.1,8205.5,8224.2,278.8231
293,1526677200,8222.9,8265.5,8222.8,8226.9,272.87809999999996
294,1526680800,8227.0,8246.9,8200.3,8214.0,200.3385
295,1526684400,8214.0,8247.5,8214.0,8238.9,337.1556
296,1526688000,8239.0,8255.0,8211.0,8215.0,389.06109999999995
297,1526691600,8215.0,8225.2,8164.1,8192.9,482.48069999999996
298,1526695200,8193.2,8211.6,8178.7,8200.0,139.12189999999998
299,1526698800,8200.1,8277.8,8185.86,8237.5,970.982
300,1526702400,8237.5,8270.7,8222.1,8226.4,350.2622
301,1526706000,8226.5,8236.92,8216.0,8236.2,202.5235
302,1526709600,8236.0,8250.0,8216.1,8216.7,139.9232
303,1526713200,8216.0,8219.0,8140.2,8171.4,1192.9454999999998
304,1526716800,8171.4,8210.0,8145.2,8210.0,284.2671
305,1526720400,8209.9,8213.0,8185.1,8188.9,284.85830000000004
306,1526724000,8188.9,8250.0,8188.8,8238.5,356.0225
307,1526727600,8238.8,8468.0,8230.2,8382.0,2094.2743
308,1526731200,8382.0,8401.0,8327.2,8345.2,1433.9540000000002
309,1526734800,8345.2,8374.3,8283.5,8300.6,1284.101
310,1526738400,8300.7,8330.1,8294.5,8302.7,326.7812
311,1526742000,8303.7,8315.1,8279.0,8307.9,1112.4022
312,1526745600,8308.0,8315.2,8273.6,8289.8,476.0469
313,1526749200,8289.8,8302.1,8271.0,8296.4,246.0285
314,1526752800,8296.4,8315.4,8289.8,8289.8,216.1831
315,1526756400,8289.8,8304.1,8274.4,8304.0,382.00140000000005
316,1526760000,8303.9,8310.0,8254.0,8254.0,257.7355
317,1526763600,8254.0,8254.0,8189.2,8195.1,699.2443000000001
318,1526767200,8195.2,8234.0,8172.4,8215.5,356.4937
319,1526770800,8215.1,8248.7,8197.2,8231.0,467.822
320,1526774400,8230.9,8230.9,8182.1,8190.6,884.0921999999998
321,1526778000,8192.8,8220.0,8171.5,8218.3,297.16396000000003
322,1526781600,8217.6,8282.04,8212.0,8281.2,424.49739999999997
323,1526785200,8282.7,8286.1,8240.2,8252.0,338.2353
324,1526788800,8252.0,8265.9,8237.7,8257.0,129.1108
325,1526792400,8260.9,8270.0,8241.0,8247.6,153.258
326,1526796000,8247.7,8291.0,8247.7,8247.9,313.43270000000007
327,1526799600,8247.9,8268.9,8229.7,8257.6,118.2959
328,1526803200,8257.6,8298.9,8255.4,8276.5,427.1821
329,1526806800,8276.5,8357.5,8276.5,8344.7,1008.057
330,1526810400,8344.1,8379.0,8324.9,8343.0,1266.5812999999998
331,1526814000,8343.0,8346.5,8316.5,8342.7,289.4267
332,1526817600,8342.7,8360.4,8290.3,8303.2,500.5572
333,1526821200,8303.2,8337.5,8292.8,8319.8,289.0825
334,1526824800,8319.9,8350.4,8319.8,8342.0,393.6911
335,1526828400,8342.1,8374.1,8337.5,8373.2,574.0883
336,1526832000,8373.2,8535.0,8373.2,8484.6,4000.7850000000003
337,1526835600,8484.6,8530.1,8470.3,8517.8,989.4183999999999
338,1526839200,8517.8,8549.0,8505.8,8519.5,509.7541
339,1526842800,8519.7,8520.6,8484.0,8513.1,280.6776
340,1526846400,8513.1,8597.9,8506.6,8551.5,1120.5412000000001
341,1526850000,8551.5,8564.8,8512.0,8524.1,390.3457
342,1526853600,8524.2,8547.4,8472.9,8492.2,594.879
343,1526857200,8492.1,8525.0,8492.1,8523.7,206.9066
344,1526860800,8523.7,8550.0,8465.1,8489.7,567.6283
345,1526864400,8492.0,8492.0,8432.1,8460.0,323.37620000000004
346,1526868000,8460.1,8519.8,8460.0,8500.3,455.5055
347,1526871600,8502.7,8515.9,8479.9,8496.7,305.9142
348,1526875200,8496.7,8533.7,8489.1,8523.2,285.21569999999997
349,1526878800,8523.2,8526.2,8500.7,8509.42,321.3139
350,1526882400,8510.7,8635.5,8477.57,8555.0,1749.7341
351,1526886000,8555.1,8644.0,8509.5,8528.1,1642.749
352,1526889600,8528.1,8528.3,8480.07,8513.1,461.93989999999997
353,1526893200,8510.8,8516.0,8468.4,8475.6,335.3088
354,1526896800,8475.6,8483.8,8432.5,8468.4,655.4189000000001
355,1526900400,8468.4,8486.5,8440.0,8483.6,313.6779
356,1526904000,8483.61,8503.2,8466.6,8495.8,407.3672
357,1526907600,8495.8,8510.8,8479.4,8492.1,573.214
358,1526911200,8492.1,8492.2,8343.3,8409.8,2331.6829999999995
359,1526914800,8409.8,8421.4,8377.0,8409.7,970.6569999999999
360,1526918400,8409.7,8409.7,8366.8,8394.6,507.6816
361,1526922000,8394.5,8406.4,8377.0,8380.6,247.38029999999998
362,1526925600,8380.7,8380.7,8309.1,8343.7,745.3334999999998
363,1526929200,8343.8,8391.4,8343.7,8376.87,265.8709
364,1526932800,8376.87,8443.1,8360.21,8406.45,492.45630000000006
365,1526936400,8406.45,8431.18,8364.6,8385.03,2911.0586
366,1526940000,8384.7,8395.0,8364.0,8395.0,120.2714
367,1526943600,8394.9,8421.0,8376.11,8399.6,252.6798
368,1526947200,8393.4,8408.29,8325.0,8361.9,627.297
369,1526950800,8361.8,8365.1,8253.0,8278.8,1416.025
370,1526954400,8278.7,8313.0,8262.4,8288.3,505.2733
371,1526958000,8288.2,8316.8,8273.5,8313.5,261.267
372,1526961600,8313.5,8319.0,8274.2,8280.4,200.5507
373,1526965200,8280.0,8300.0,8276.0,8296.6,146.4066
374,1526968800,8292.72,8354.6,8280.0,8318.0,755.4590000000001
375,1526972400,8317.99,8324.5,8290.0,8313.2,354.0093
376,1526976000,8313.1,8313.2,8291.0,8291.0,393.68269999999995
377,1526979600,8291.0,8291.1,8216.0,8235.9,1154.5544
378,1526983200,8235.9,8268.9,8235.8,8265.13,397.769
379,1526986800,8265.13,8269.1,8194.6,8205.2,1080.8165000000001
380,1526990400,8205.3,8215.87,8131.5,8170.3,2098.54
381,1526994000,8170.3,8233.5,8170.2,8213.96,894.601
382,1526997600,8214.0,8250.1,8189.4,8225.0,594.3082
383,1527001200,8225.1,8240.3,8207.0,8230.1,750.2665999999999
384,1527004800,8230.1,8246.6,8206.4,8217.7,576.8956
385,1527008400,8217.7,8233.0,8192.6,8203.1,481.894
386,1527012000,8203.2,8221.4,8182.0,8214.0,535.458
387,1527015600,8215.9,8228.6,8160.0,8183.4,619.9472999999999
388,1527019200,8182.2,8196.8,8080.1,8108.4,1559.3138000000001
389,1527022800,8108.4,8108.6,8041.1,8068.9,1201.2289999999998
390,1527026400,8069.1,8102.9,7943.3,7968.8,2816.621
391,1527030000,7968.8,8027.66,7968.8,7977.85,1111.572
392,1527033600,7977.5,8020.0,7952.0,7955.0,814.2629
393,1527037200,7955.0,7955.1,7840.3,7898.67,2324.7401000000004
394,1527040800,7898.7,7920.5,7867.0,7897.2,470.1813
395,1527044400,7896.9,7967.0,7889.6,7950.1,647.6052000000001
396,1527048000,7950.0,7950.1,7870.0,7890.0,1180.756
397,1527051600,7890.0,7923.7,7885.13,7906.2,608.6473
398,1527055200,7906.2,7949.4,7893.1,7942.2,432.74199999999996
399,1527058800,7942.3,7942.3,7784.5,7844.1,2848.502
400,1527062400,7844.1,7875.2,7792.3,7845.5,1432.318
401,1527066000,7844.3,7858.1,7800.0,7845.0,995.0339999999999
402,1527069600,7845.0,7896.4,7825.8,7839.9,1179.904
403,1527073200,7839.8,7870.2,7794.9,7848.9,739.6898000000001
404,1527076800,7848.9,7925.0,7842.3,7905.9,836.1288
405,1527080400,7905.0,7934.0,7875.1,7888.02,910.494
406,1527084000,7893.4,7898.8,7849.8,7877.4,1195.1475
407,1527087600,7877.7,7889.7,7661.0,7700.0,3168.1471
408,1527091200,7700.0,7700.1,7548.1,7605.4,5538.650000000001
409,1527094800,7605.3,7623.6,7441.8,7511.1,5708.066
410,1527098400,7507.5,7551.6,7402.7,7489.1,3778.7740000000003
411,1527102000,7489.2,7625.0,7489.2,7592.3,1534.78
412,1527105600,7592.3,7645.9,7524.3,7586.8,1974.224
413,1527109200,7587.8,7640.0,7565.6,7639.9,803.3519
414,1527112800,7639.9,7639.9,7532.2,7543.5,1137.016
415,1527116400,7543.5,7568.4,7461.4,7494.8,1423.4119999999998
416,1527120000,7494.75,7607.0,7494.75,7571.8,695.8547
417,1527123600,7571.8,7641.4,7562.9,7592.5,1931.3229999999999
418,1527127200,7591.0,7605.0,7550.1,7564.4,426.2684
419,1527130800,7564.4,7638.2,7555.1,7604.4,829.6449999999999
420,1527134400,7606.0,7718.9,7599.0,7716.3,1815.3042
421,1527138000,7716.3,7729.83,7654.3,7680.5,975.9571
422,1527141600,7680.6,7685.0,7607.6,7639.9,785.4345000000001
423,1527145200,7639.93,7669.1,7520.0,7549.5,2230.7437
424,1527148800,7549.5,7556.4,7345.3,7389.4,4772.569
425,1527152400,7389.4,7412.1,7260.0,7365.5,4402.515
426,1527156000,7365.5,7399.9,7293.8,7339.9,1769.1100000000001
427,1527159600,7339.8,7393.4,7336.4,7362.3,1375.028
428,1527163200,7362.3,7531.57,7270.0,7494.6,4407.617
429,1527166800,7494.5,7532.8,7467.8,7486.39,2241.239
430,1527170400,7486.39,7549.8,7449.0,7502.0,1634.473
431,1527174000,7502.1,7565.9,7487.0,7558.9,1388.1219999999998
432,1527177600,7558.9,7558.9,7473.1,7508.0,1207.005
433,1527181200,7508.0,7532.56,7442.2,7504.3,977.7748
434,1527184800,7504.39,7590.3,7474.2,7575.58,1112.54
435,1527188400,7575.5,7625.0,7544.2,7573.9,869.7389999999999
436,1527192000,7572.7,7572.7,7502.0,7534.27,768.8894999999999
437,1527195600,7538.1,7551.7,7465.0,7515.0,552.9801
438,1527199200,7515.0,7586.0,7507.4,7574.71,626.9522999999999
439,1527202800,7574.7,7625.0,7537.0,7576.7,1076.9099999999999
440,1527206400,7576.7,7576.7,7523.2,7553.6,595.4684
441,1527210000,7553.5,7560.1,7516.6,7554.0,1482.391
442,1527213600,7554.0,7654.1,7547.1,7624.0,1192.0230000000001
443,1527217200,7624.1,7626.8,7564.2,7592.4,512.6309
444,1527220800,7592.3,7612.1,7566.5,7580.1,436.25120000000004
445,1527224400,7580.0,7634.33,7580.0,7618.6,404.67650000000003
446,1527228000,7618.6,7649.0,7461.05,7487.4,1818.8447999999999
447,1527231600,7487.4,7499.3,7365.0,7418.1,2467.863
448,1527235200,7418.1,7447.9,7379.7,7446.8,1688.505
449,1527238800,7446.8,7446.8,7386.2,7399.5,735.7937999999999
450,1527242400,7399.5,7465.4,7318.2,7357.3,1474.316
451,1527246000,7357.3,7486.2,7323.47,7453.1,2014.5900000000001
452,1527249600,7453.2,7530.0,7452.8,7501.4,1211.064
453,1527253200,7501.4,7501.4,7458.7,7474.4,489.6692
454,1527256800,7474.3,7518.0,7460.9,7460.9,545.057
455,1527260400,7460.9,7515.0,7426.4,7493.1,660.2873999999999
456,1527264000,7493.1,7499.3,7453.3,7467.6,785.8695
457,1527267600,7467.5,7474.0,7400.0,7424.1,3063.301
458,1527271200,7424.1,7438.5,7390.0,7424.4,1220.8442
459,1527274800,7424.4,7430.0,7360.9,7418.5,854.0782
460,1527278400,7418.5,7448.0,7392.8,7444.0,529.734
461,1527282000,7444.0,7444.0,7407.0,7439.2,296.22029999999995
462,1527285600,7438.9,7440.1,7350.1,7385.9,572.9349
463,1527289200,7386.0,7494.8,7368.3,7456.7,822.3664
464,1527292800,7457.0,7457.0,7414.9,7441.1,299.24739999999997
465,1527296400,7441.1,7467.3,7416.8,7440.5,289.61539999999997
466,1527300000,7440.4,7448.9,7410.6,7420.0,142.7022
467,1527303600,7420.0,7435.0,7416.4,7432.4,133.4189
468,1527307200,7435.0,7435.0,7371.3,7380.0,423.603
469,1527310800,7380.0,7439.5,7368.7,7433.1,522.4878
470,1527314400,7433.1,7444.7,7405.2,7421.0,330.8715
471,1527318000,7421.3,7624.1,7413.7,7550.0,2668.5666
472,1527321600,7549.9,7565.7,7521.4,7537.8,385.83209999999997
473,1527325200,7537.9,7560.0,7532.0,7542.6,223.9215
474,1527328800,7542.9,7549.7,7513.0,7532.0,387.02930000000003
475,1527332400,7531.9,7547.8,7523.1,7523.1,144.20420000000001
476,1527336000,7523.4,7541.6,7480.3,7522.3,830.5
477,1527339600,7521.8,7561.3,7503.1,7534.1,360.5697
478,1527343200,7534.0,7550.0,7517.0,7521.2,311.5368
479,1527346800,7520.4,7553.4,7520.3,7536.1,329.3166
480,1527350400,7536.2,7543.0,7509.7,7523.9,360.79320000000007
481,1527354000,7523.9,7565.1,7523.8,7544.9,433.6657
482,1527357600,7544.9,7556.8,7526.3,7550.4,328.63820000000004
483,1527361200,7548.3,7553.8,7505.1,7528.0,413.746
484,1527364800,7525.1,7536.8,7519.8,7524.9,109.3305
485,1527368400,7524.9,7609.5,7443.6,7464.7,1289.8238000000001
486,1527372000,7462.3,7467.0,7281.0,7315.9,2293.7133
487,1527375600,7312.9,7356.0,7295.5,7327.7,796.8839
488,1527379200,7328.3,7330.8,7220.0,7255.0,1825.6050000000002
489,1527382800,7255.0,7303.1,7245.0,7262.0,660.9617000000001
490,1527386400,7266.5,7327.3,7264.4,7298.2,523.6264
491,1527390000,7298.3,7300.0,7266.0,7295.0,483.2807
492,1527393600,7292.2,7312.1,7280.0,7302.8,297.9152
493,1527397200,7303.0,7303.0,7252.1,7276.0,439.1215
494,1527400800,7276.0,7300.1,7270.0,7286.6,523.2402
495,1527404400,7286.6,7345.0,7268.5,7311.2,748.0554999999999
496,1527408000,7311.1,7327.1,7211.1,7288.0,2701.924
497,1527411600,7288.0,7324.7,7287.1,7314.5,480.11289999999997
498,1527415200,7314.5,7387.7,7310.75,7324.9,1215.4114
499,1527418800,7324.8,7342.6,7284.7,7333.1,351.0615
500,1527422400,7333.03,7333.1,7288.0,7301.5,316.1787
501,1527426000,7301.4,7305.73,7270.5,7296.3,340.22090000000003
502,1527429600,7296.3,7355.0,7277.1,7335.0,575.4312
503,1527433200,7336.1,7359.1,7316.9,7328.4,367.308
504,1527436800,7328.4,7353.3,7317.7,7343.7,561.9516
505,1527440400,7342.3,7356.8,7323.7,7350.1,235.6754
506,1527444000,7350.0,7425.4,7262.5,7278.1,2082.7019999999998
507,1527447600,7280.3,7302.5,7270.3,7301.0,232.8656
508,1527451200,7300.3,7329.4,7295.1,7311.0,385.97319999999996
509,1527454800,7315.0,7334.3,7299.9,7330.0,267.55649999999997
510,1527458400,7329.1,7337.0,7318.9,7332.4,245.13178
511,1527462000,7332.3,7373.99,7323.6,7339.7,313.6166
512,1527465600,7339.6,7370.0,7339.6,7342.9,691.7995000000001
513,1527469200,7342.9,7399.2,7290.6,7365.7,1581.9957
514,1527472800,7365.6,7370.7,7347.1,7356.0,140.2894
515,1527476400,7356.0,7437.7,7355.2,7374.2,763.4752000000001
516,1527480000,7375.4,7378.5,7288.5,7317.6,1174.999
517,1527483600,7317.6,7335.0,7142.0,7170.0,6371.373
518,1527487200,7169.9,7220.0,7151.2,7195.0,2198.299
519,1527490800,7194.0,7242.0,7186.4,7217.0,1074.3595
520,1527494400,7217.0,7220.0,7193.9,7211.3,661.0871
521,1527498000,7211.3,7230.0,7188.49,7192.8,1043.104
522,1527501600,7192.8,7221.9,7190.0,7213.1,413.7516
523,1527505200,7213.1,7222.1,7188.5,7199.0,588.319
524,1527508800,7199.0,7311.6,7168.4,7279.0,1706.583
525,1527512400,7276.3,7278.3,7247.3,7263.0,317.3973
526,1527516000,7257.9,7274.3,7229.4,7243.0,384.5896
527,1527519600,7243.0,7261.05,7194.6,7225.8,514.0779
528,1527523200,7223.3,7234.5,7188.2,7204.9,451.4759
529,1527526800,7205.0,7229.0,7183.3,7228.9,296.442
530,1527530400,7229.0,7240.1,7201.8,7201.8,310.5072
531,1527534000,7201.6,7259.0,7199.4,7224.0,486.2725
532,1527537600,7224.0,7246.0,7194.6,7209.5,411.93320000000006
533,1527541200,7209.5,7209.6,7114.9,7150.5,2241.973
534,1527544800,7151.9,7153.8,7062.3,7131.99,1968.606
535,1527548400,7131.99,7132.9,7082.4,7097.9,885.1557
536,1527552000,7097.8,7131.0,7097.8,7115.1,592.2091
537,1527555600,7115.1,7120.8,7040.0,7113.0,1190.911
538,1527559200,7112.7,7112.7,7070.0,7104.6,583.4524
539,1527562800,7104.6,7133.4,7098.5,7117.2,334.2505
540,1527566400,7117.2,7130.1,7105.9,7123.0,242.1968
541,1527570000,7123.1,7123.1,7051.0,7100.1,2097.025
542,1527573600,7100.2,7110.8,7081.5,7089.5,922.6389999999999
543,1527577200,7089.5,7161.2,7089.4,7145.0,1653.8959
544,1527580800,7145.0,7145.0,7099.9,7116.9,717.9456
545,1527584400,7116.9,7124.0,7095.0,7122.6,523.0858999999999
546,1527588000,7122.6,7196.3,7116.0,7175.8,1907.16
547,1527591600,7178.9,7496.51,7178.8,7390.7,6716.4580000000005
548,1527595200,7390.7,7441.7,7382.6,7403.7,1428.1019999999999
549,1527598800,7403.7,7472.3,7402.5,7446.6,1398.963
550,1527602400,7446.7,7473.0,7397.1,7418.8,633.796
551,1527606000,7419.85,7433.9,7392.4,7424.9,677.512
552,1527609600,7424.9,7451.3,7417.9,7422.9,631.2035999999999
553,1527613200,7422.9,7511.9,7408.2,7505.3,937.0329999999999
554,1527616800,7505.4,7536.0,7435.0,7450.2,1837.9209999999998
555,1527620400,7450.7,7470.0,7445.3,7469.9,346.20329999999996
556,1527624000,7470.0,7531.2,7464.0,7494.3,570.8576
557,1527627600,7494.3,7504.2,7470.8,7491.0,294.97040000000004
558,1527631200,7491.6,7494.5,7396.1,7421.8,1172.343
559,1527634800,7421.8,7471.2,7399.9,7465.2,488.73019999999997
560,1527638400,7465.3,7515.0,7441.9,7482.8,494.0399
561,1527642000,7482.9,7560.0,7482.9,7507.8,1086.294
562,1527645600,7507.9,7549.9,7497.5,7505.0,814.6837
563,1527649200,7504.9,7505.2,7470.7,7487.0,506.765
564,1527652800,7487.0,7507.4,7459.0,7483.3,238.6063
565,1527656400,7483.4,7514.2,7483.3,7499.22,195.6013
566,1527660000,7499.4,7552.0,7435.0,7459.1,1767.1788
567,1527663600,7459.0,7497.2,7448.0,7486.3,370.8464
568,1527667200,7486.3,7490.0,7451.0,7476.0,403.06739999999996
569,1527670800,7476.1,7513.5,7462.2,7495.28,496.42920000000004
570,1527674400,7495.28,7515.0,7470.3,7498.0,645.5174000000001
571,1527678000,7498.3,7550.0,7488.1,7508.1,1260.104
572,1527681600,7508.1,7539.8,7500.0,7519.0,922.8409999999999
573,1527685200,7519.0,7520.1,7495.0,7508.3,1100.141
574,1527688800,7506.5,7508.5,7362.5,7386.7,4049.362
575,1527692400,7386.7,7386.7,7312.7,7330.0,2316.77
576,1527696000,7329.9,7352.5,7270.5,7300.9,1683.8909999999998
577,1527699600,7304.0,7324.1,7287.0,7319.0,611.2474000000001
578,1527703200,7319.0,7321.1,7284.4,7297.8,610.497
579,1527706800,7297.9,7319.9,7279.0,7311.6,453.5477
580,1527710400,7311.6,7346.0,7309.1,7338.5,613.5343999999999
581,1527714000,7338.6,7345.0,7324.7,7335.3,228.37290000000002
582,1527717600,7335.3,7355.3,7330.0,7350.0,350.4647
583,1527721200,7350.1,7395.5,7350.0,7375.12,863.3241
584,1527724800,7375.2,7375.2,7342.4,7369.2,366.2278
585,1527728400,7369.26,7369.3,7338.0,7347.9,264.29650000000004
586,1527732000,7347.9,7351.2,7340.0,7341.0,135.4215
587,1527735600,7341.0,7374.9,7341.0,7364.7,344.0734
588,1527739200,7364.9,7499.1,7360.5,7489.1,1591.1838
589,1527742800,7489.1,7518.0,7473.3,7497.2,792.7120000000001
590,1527746400,7497.9,7599.7,7488.2,7570.2,1959.44
591,1527750000,7572.98,7593.0,7557.1,7565.7,563.4586
592,1527753600,7565.7,7575.2,7503.0,7544.5,711.1763000000001
593,1527757200,7544.4,7565.8,7524.7,7536.8,797.268
594,1527760800,7536.7,7546.9,7487.7,7541.6,954.6128999999999
595,1527764400,7541.5,7560.7,7526.9,7537.4,387.1102
596,1527768000,7537.6,7575.0,7532.9,7543.1,627.5845
597,1527771600,7543.1,7545.4,7501.0,7538.6,930.6660999999999
598,1527775200,7538.5,7560.9,7527.0,7545.5,355.6557
599,1527778800,7548.8,7584.8,7537.7,7557.3,944.318
600,1527782400,7557.3,7559.7,7536.4,7547.5,411.7355
601,1527786000,7547.5,7599.7,7547.4,7580.6,1073.3847
602,1527789600,7580.7,7590.9,7560.0,7560.0,431.331
603,1527793200,7560.0,7566.0,7535.2,7538.1,430.69199999999995
604,1527796800,7538.0,7562.1,7518.76,7535.6,874.7237
605,1527800400,7535.7,7562.1,7524.3,7541.5,722.0412000000001
606,1527804000,7542.7,7544.7,7413.84,7440.0,3233.782
607,1527807600,7439.9,7490.0,7439.9,7485.8,562.0205
608,1527811200,7485.9,7525.0,7481.9,7505.2,612.5847
609,1527814800,7505.2,7505.2,7475.0,7483.3,267.93890000000005
610,1527818400,7483.2,7520.0,7483.1,7489.0,662.3808
611,1527822000,7489.0,7499.1,7439.9,7485.9,768.4597
612,1527825600,7485.9,7485.9,7458.2,7480.5,405.4065999999999
613,1527829200,7480.8,7493.6,7478.9,7487.0,415.14590000000004
614,1527832800,7487.0,7574.0,7486.1,7540.0,1121.1629
615,1527836400,7540.0,7599.8,7539.9,7578.4,2212.341
616,1527840000,7577.0,7599.8,7556.2,7596.8,667.2819999999999
617,1527843600,7596.5,7597.0,7526.0,7527.1,585.9999
618,1527847200,7528.7,7548.7,7515.5,7542.43,517.4477
619,1527850800,7542.4,7562.0,7329.19,7345.8,3268.0847
620,1527854400,7345.8,7416.0,7344.2,7407.1,1694.466
621,1527858000,7407.0,7424.1,7394.8,7416.1,542.564
622,1527861600,7417.9,7438.6,7408.0,7420.2,945.6220000000001
623,1527865200,7420.3,7450.5,7394.0,7439.4,899.6949999999999
624,1527868800,7439.3,7452.2,7410.0,7443.0,521.5318
625,1527872400,7442.93,7447.05,7400.0,7419.9,517.7181
626,1527876000,7419.9,7423.1,7390.0,7401.2,449.5051
627,1527879600,7400.4,7455.0,7399.6,7439.4,392.6151
628,1527883200,7439.7,7447.9,7405.0,7442.4,285.114
629,1527886800,7442.5,7454.1,7427.5,7438.0,246.4624
630,1527890400,7437.9,7524.46,7437.9,7510.58,740.4288
631,1527894000,7510.5,7542.7,7507.1,7521.0,301.16370000000006
632,1527897600,7521.1,7533.6,7441.5,7470.8,509.82180000000005
633,1527901200,7470.5,7499.3,7465.7,7490.0,160.0622
634,1527904800,7490.0,7508.5,7485.5,7492.3,145.54447
635,1527908400,7492.3,7518.0,7484.1,7492.2,174.3391
636,1527912000,7492.2,7502.2,7480.0,7488.5,104.41300000000001
637,1527915600,7488.9,7535.8,7488.4,7527.3,594.5853
638,1527919200,7527.4,7684.0,7460.5,7657.3,3835.0679
639,1527922800,7655.4,7689.9,7631.7,7647.07,1520.029
640,1527926400,7647.07,7697.0,7646.4,7654.07,1050.657
641,1527930000,7653.4,7684.0,7620.0,7666.2,773.8367000000001
642,1527933600,7666.1,7682.2,7642.5,7651.0,643.5196000000001
643,1527937200,7651.1,7655.0,7615.6,7647.8,541.0222
644,1527940800,7647.8,7648.2,7624.3,7639.6,347.14209999999997
645,1527944400,7639.6,7655.0,7625.0,7632.9,236.97480000000002
646,1527948000,7633.0,7647.7,7618.1,7647.6,382.23
647,1527951600,7647.6,7698.8,7590.0,7621.8,1438.7822999999999
648,1527955200,7621.8,7641.1,7597.3,7631.1,661.3728000000001
649,1527958800,7631.1,7669.1,7623.5,7633.9,839.1811
650,1527962400,7633.9,7668.2,7631.2,7653.3,856.0142
651,1527966000,7653.4,7680.5,7651.7,7661.8,982.611
652,1527969600,7661.8,7668.24,7608.0,7619.7,700.8063999999999
653,1527973200,7620.1,7650.0,7620.0,7632.1,516.573
654,1527976800,7632.0,7632.2,7614.5,7630.6,253.3623
655,1527980400,7630.6,7646.4,7630.5,7638.1,95.66499999999999
656,1527984000,7638.0,7662.2,7632.2,7650.1,145.6763
657,1527987600,7650.1,7668.07,7633.9,7644.0,561.2853
658,1527991200,7644.0,7644.0,7600.0,7643.8,519.6296
659,1527994800,7643.9,7647.5,7624.2,7643.0,190.0165
660,1527998400,7643.9,7653.2,7628.0,7645.4,138.5839
661,1528002000,7645.4,7656.2,7645.4,7649.3,171.3525
662,1528005600,7645.0,7779.0,7639.3,7723.0,2714.9126
663,1528009200,7723.1,7733.8,7713.7,7716.5,409.80719999999997
664,1528012800,7716.5,7770.9,7701.5,7740.0,1397.9338
665,1528016400,7740.0,7748.9,7723.7,7742.2,437.9162
666,1528020000,7743.2,7743.7,7684.3,7699.8,669.9739999999999
667,1528023600,7699.7,7719.7,7698.8,7708.2,436.7075
668,1528027200,7708.3,7719.0,7691.8,7712.6,533.5873
669,1528030800,7712.6,7739.9,7708.5,7715.0,600.7548999999999
670,1528034400,7715.0,7719.4,7680.9,7712.3,554.4028999999999
671,1528038000,7712.1,7728.7,7704.2,7719.1,176.56555
672,1528041600,7719.2,7729.9,7691.0,7704.0,608.1096
673,1528045200,7704.0,7704.1,7664.7,7699.0,940.4961999999999
674,1528048800,7699.0,7704.7,7677.7,7686.6,288.5804
675,1528052400,7686.5,7724.1,7630.0,7710.1,972.1613
676,1528056000,7710.0,7738.9,7700.3,7724.1,400.3717
677,1528059600,7724.1,7724.2,7689.3,7696.0,135.7326
678,1528063200,7695.9,7715.0,7692.9,7715.0,340.39394
679,1528066800,7714.9,7718.3,7691.1,7718.0,451.16909999999996
680,1528070400,7718.1,7764.0,7716.4,7716.7,918.2758000000001
681,1528074000,7716.7,7718.0,7667.3,7705.8,397.2034
682,1528077600,7705.7,7705.8,7680.2,7687.0,218.6287
683,1528081200,7687.0,7706.0,7686.3,7696.4,180.32670000000002
684,1528084800,7696.3,7706.0,7696.3,7702.5,159.30167
685,1528088400,7702.5,7702.5,7615.7,7663.7,1391.4749
686,1528092000,7663.7,7666.7,7548.9,7576.3,3055.993
687,1528095600,7576.3,7627.3,7574.8,7608.0,650.5557000000001
688,1528099200,7607.9,7612.8,7580.0,7602.0,496.0709
689,1528102800,7602.0,7619.2,7580.1,7617.4,689.3524
690,1528106400,7617.4,7620.0,7589.7,7596.9,358.2368
691,1528110000,7596.9,7597.0,7485.0,7514.0,2777.909
692,1528113600,7514.1,7540.0,7504.7,7531.1,772.4489
693,1528117200,7531.1,7531.2,7495.5,7507.0,382.5165
694,1528120800,7507.0,7507.8,7465.2,7484.3,1331.5414
695,1528124400,7484.3,7511.0,7482.7,7503.78,495.69280000000003
696,1528128000,7503.78,7509.7,7477.6,7486.2,214.3847
697,1528131600,7486.2,7492.1,7451.1,7475.9,627.7271000000001
698,1528135200,7475.9,7495.0,7462.9,7495.0,442.1479
699,1528138800,7494.9,7511.8,7486.9,7492.9,567.2569000000001
700,1528142400,7492.7,7519.0,7490.7,7519.0,404.3355
701,1528146000,7519.0,7538.0,7518.9,7533.0,583.7288
702,1528149600,7532.9,7533.0,7502.8,7502.9,351.73440000000005
703,1528153200,7502.9,7502.9,7458.48,7488.3,665.8326999999999
704,1528156800,7488.4,7504.7,7483.4,7495.9,237.22519999999997
705,1528160400,7493.8,7505.3,7469.5,7488.4,189.19210000000004
706,1528164000,7485.0,7490.6,7400.4,7407.3,1759.81
707,1528167600,7407.3,7430.0,7390.0,7412.0,592.4668
708,1528171200,7412.1,7430.7,7372.0,7382.7,786.2776
709,1528174800,7382.7,7435.8,7372.0,7427.9,506.6831
710,1528178400,7427.8,7450.2,7410.0,7432.0,689.3620000000001
711,1528182000,7430.3,7430.3,7390.0,7411.6,700.613
712,1528185600,7411.4,7469.6,7411.3,7454.7,722.7889
713,1528189200,7454.6,7454.6,7421.32,7423.9,520.9235
714,1528192800,7424.9,7435.0,7421.4,7432.9,222.6249
715,1528196400,7432.9,7433.0,7432.9,7433.0,2.46
716,1528200000,7433.0,7433.0,7405.6,7412.7,307.4672
717,1528203600,7410.0,7423.8,7404.7,7419.2,135.3643
718,1528207200,7419.2,7419.3,7417.7,7417.7,43.2253
719,1528210800,7417.7,7583.0,7410.5,7580.9,2050.1549999999997
720,1528214400,7582.6,7599.7,7544.2,7565.9,1262.069
721,1528218000,7565.9,7675.0,7564.7,7617.2,1953.672
722,1528221600,7617.1,7647.1,7613.0,7620.3,626.8290000000001
723,1528225200,7620.3,7633.6,7615.0,7623.1,328.2151
724,1528228800,7623.1,7646.6,7614.7,7628.5,308.6499
725,1528232400,7629.8,7630.6,7550.2,7596.1,2336.0499
726,1528236000,7596.2,7627.9,7596.1,7627.9,230.84910000000002
727,1528239600,7627.9,7631.0,7609.0,7621.9,228.5922
728,1528243200,7622.2,7638.7,7607.5,7611.8,479.89379999999994
729,1528246800,7611.8,7643.3,7596.0,7640.0,872.5909999999999
730,1528250400,7640.1,7641.0,7600.7,7620.0,401.8146
731,1528254000,7620.0,7634.7,7607.8,7607.8,273.15340000000003
732,1528257600,7607.9,7615.0,7596.0,7596.1,244.1156
733,1528261200,7596.0,7610.5,7566.1,7608.1,442.7011
734,1528264800,7608.0,7648.47,7608.0,7632.3,654.1449
735,1528268400,7632.4,7698.0,7600.0,7625.0,1260.7607
736,1528272000,7625.0,7630.1,7568.7,7622.0,1119.4691000000003
737,1528275600,7622.0,7625.1,7584.4,7600.0,477.0925
738,1528279200,7600.0,7612.3,7590.0,7606.5,247.18580000000003
739,1528282800,7606.4,7634.7,7606.4,7612.8,570.844
740,1528286400,7612.9,7677.6,7601.9,7657.4,635.3538
741,1528290000,7657.4,7657.7,7628.8,7629.8,472.361
742,1528293600,7629.8,7643.0,7615.0,7624.9,401.14919999999995
743,1528297200,7626.18,7690.0,7623.3,7654.3,734.5223000000001
744,1528300800,7654.3,7666.0,7500.4,7520.8,1829.7677
745,1528304400,7520.8,7531.0,7511.6,7525.1,419.9093
746,1528308000,7525.0,7525.0,7491.7,7517.5,1490.0480000000002
747,1528311600,7517.6,7533.4,7516.4,7528.9,317.7446
748,1528315200,7528.9,7654.0,7515.0,7612.57,2145.5026
749,1528318800,7614.9,7700.0,7524.1,7664.3,2216.7471
750,1528322400,7664.7,7677.5,7644.0,7658.6,322.4948
751,1528326000,7658.5,7662.0,7642.0,7654.0,240.397
752,1528329600,7654.0,7740.0,7653.9,7730.0,1169.1315
753,1528333200,7729.99,7756.3,7706.9,7722.8,1218.5480000000002
754,1528336800,7722.9,7756.0,7711.0,7711.9,624.8319
755,1528340400,7712.4,7749.6,7701.0,7730.3,840.6568
756,1528344000,7730.3,7730.4,7700.0,7708.9,459.9086
757,1528347600,7708.8,7713.6,7702.0,7707.7,262.0126
758,1528351200,7707.8,7710.0,7674.0,7709.7,386.39369999999997
759,1528354800,7709.7,7715.0,7703.0,7704.1,212.63389999999998
760,1528358400,7704.2,7735.9,7688.0,7697.3,508.4652
761,1528362000,7697.3,7709.0,7680.0,7706.5,315.89930000000004
762,1528365600,7706.6,7710.0,7680.0,7698.4,170.08980000000003
763,1528369200,7697.2,7703.5,7682.7,7698.2,232.51100000000002
764,1528372800,7698.1,7726.0,7693.4,7707.51,315.68589999999995
765,1528376400,7707.8,7715.0,7692.3,7702.5,206.8335
766,1528380000,7702.6,7711.8,7651.0,7695.0,632.5326
767,1528383600,7695.0,7706.2,7662.5,7693.3,505.5114
768,1528387200,7695.1,7720.3,7682.7,7720.3,488.9234
769,1528390800,7720.3,7752.8,7652.7,7694.2,884.4907999999999
770,1528394400,7694.29,7711.5,7690.0,7691.6,88.8171
771,1528398000,7692.0,7704.2,7690.0,7698.0,139.50990000000002
772,1528401600,7696.0,7699.6,7624.7,7661.6,780.6893
773,1528405200,7664.0,7671.83,7654.0,7664.9,246.92849999999999
774,1528408800,7664.1,7666.8,7649.2,7656.8,121.40874
775,1528412400,7656.9,7691.8,7651.0,7688.9,225.09259999999998
776,1528416000,7689.0,7697.0,7678.2,7697.0,151.8119
777,1528419600,7695.5,7696.5,7675.0,7679.0,125.75969999999998
778,1528423200,7679.7,7682.9,7645.1,7660.2,859.9857000000001
779,1528426800,7660.2,7661.6,7635.1,7635.6,338.3763
780,1528430400,7635.7,7651.9,7597.1,7634.8,935.617
781,1528434000,7634.8,7641.7,7627.3,7634.5,226.1051
782,1528437600,7632.04,7649.5,7632.04,7649.0,178.13599999999997
783,1528441200,7649.1,7658.0,7629.3,7629.8,378.4082
784,1528444800,7629.8,7632.4,7600.0,7629.9,736.8322
785,1528448400,7629.8,7634.5,7624.5,7625.6,312.0675
786,1528452000,7625.0,7626.0,7558.1,7570.5,1015.3449999999999
787,1528455600,7570.39,7590.7,7543.6,7563.4,782.537
788,1528459200,7563.3,7573.4,7545.0,7559.2,503.95349999999996
789,1528462800,7559.3,7588.4,7556.7,7582.0,539.8899
790,1528466400,7581.9,7592.5,7567.0,7587.5,313.4407
791,1528470000,7587.6,7647.2,7550.0,7636.5,2529.9458
792,1528473600,7636.4,7663.7,7626.3,7652.0,708.7475999999999
793,1528477200,7652.0,7657.4,7647.6,7656.7,142.3712
794,1528480800,7656.7,7656.7,7640.3,7646.0,168.6888
795,1528484400,7646.0,7646.1,7633.0,7642.0,92.4388
796,1528488000,7641.9,7654.7,7637.5,7649.28,195.7369
797,1528491600,7649.3,7656.8,7642.4,7654.2,90.0496
798,1528495200,7656.3,7663.0,7620.0,7642.3,683.1471999999999
799,1528498800,7642.4,7642.6,7609.2,7615.1,189.25330000000002
800,1528502400,7615.2,7636.0,7615.1,7634.0,207.9792
801,1528506000,7634.03,7660.0,7630.0,7660.0,224.36950000000002
802,1528509600,7659.96,7685.0,7657.9,7678.1,325.6082
803,1528513200,7678.0,7678.1,7659.32,7663.6,56.57206000000001
804,1528516800,7663.6,7671.5,7654.9,7658.1,137.28117
805,1528520400,7658.2,7665.8,7658.0,7662.4,28.36542
806,1528524000,7662.5,7680.4,7662.5,7669.5,164.8105
807,1528527600,7669.6,7669.6,7655.3,7655.3,125.0726
808,1528531200,7655.3,7655.3,7630.0,7630.0,214.6895
809,1528534800,7630.0,7646.7,7630.0,7639.9,257.5733
810,1528538400,7639.9,7660.04,7639.9,7654.0,127.22059999999999
811,1528542000,7654.0,7654.04,7640.0,7640.0,77.6671
812,1528545600,7640.0,7650.0,7593.2,7608.5,603.3462
813,1528549200,7608.6,7610.9,7570.47,7593.4,757.9927
814,1528552800,7593.4,7606.01,7590.0,7597.2,152.0231
815,1528556400,7597.2,7629.5,7597.2,7620.6,175.3617
816,1528560000,7620.9,7620.9,7580.0,7587.6,235.71439999999996
817,1528563600,7587.7,7604.5,7575.0,7596.6,189.4392
818,1528567200,7596.6,7608.4,7589.1,7608.3,72.61578
819,1528570800,7608.3,7622.9,7607.6,7613.9,172.37799
820,1528574400,7614.0,7637.6,7613.9,7634.2,106.49967
821,1528578000,7634.2,7634.3,7621.0,7621.1,196.0035
822,1528581600,7621.1,7621.1,7575.2,7604.8,265.6952
823,1528585200,7605.8,7614.8,7450.0,7498.5,2367.9804
824,1528588800,7498.5,7498.6,7266.4,7270.1,6236.744
825,1528592400,7270.1,7384.8,7270.0,7322.1,2791.8909999999996
826,1528596000,7322.1,7330.8,7281.0,7319.4,569.132
827,1528599600,7319.4,7323.1,7267.0,7277.0,833.3415
828,1528603200,7277.0,7316.4,7275.2,7282.6,625.0058999999999
829,1528606800,7282.6,7309.7,7278.0,7303.0,709.6524000000001
830,1528610400,7303.0,7316.0,7296.1,7306.2,264.79229999999995
831,1528614000,7306.1,7306.2,7175.0,7194.2,2896.791
832,1528617600,7194.3,7260.4,7175.9,7212.7,2444.724
833,1528621200,7212.8,7245.1,7211.0,7232.2,694.5039999999999
834,1528624800,7232.0,7235.0,7205.0,7234.3,414.01680000000005
835,1528628400,7234.2,7247.7,7221.8,7235.9,495.45849999999996
836,1528632000,7236.0,7253.2,7219.1,7227.9,326.09310000000005
837,1528635600,7228.8,7278.9,7175.0,7267.8,988.6759999999999
838,1528639200,7267.9,7268.0,7227.7,7228.4,233.19150000000002
839,1528642800,7228.4,7248.0,7209.8,7226.9,323.6826
840,1528646400,7226.9,7236.7,7187.4,7191.8,659.2420000000001
841,1528650000,7191.82,7202.3,6700.0,6738.1,14050.68
842,1528653600,6734.8,6786.1,6630.0,6739.5,6336.5560000000005
843,1528657200,6739.5,6844.9,6703.0,6825.5,4184.844
844,1528660800,6825.5,6826.6,6618.9,6702.7,5341.784000000001
845,1528664400,6702.7,6763.7,6675.0,6723.5,2434.892
846,1528668000,6723.49,6742.1,6655.0,6669.8,2298.949
847,1528671600,6669.8,6768.4,6665.9,6758.0,1668.236
848,1528675200,6757.9,6758.0,6705.3,6714.4,857.191
849,1528678800,6714.5,6752.7,6689.4,6752.2,1403.923
850,1528682400,6752.4,6807.3,6741.7,6772.1,1173.161
851,1528686000,6772.0,6784.6,6736.8,6763.2,629.0115000000001
852,1528689600,6763.3,6789.4,6737.8,6772.1,495.9786
853,1528693200,6772.1,6778.27,6719.3,6734.1,595.1135
854,1528696800,6734.0,6757.2,6713.7,6734.8,339.8109
855,1528700400,6734.8,6750.4,6631.0,6632.6,1145.4292
856,1528704000,6632.6,6821.1,6629.7,6783.0,1992.111
857,1528707600,6782.3,6803.0,6754.8,6762.0,512.2036
858,1528711200,6762.1,6768.5,6723.0,6758.9,598.4035
859,1528714800,6759.0,6780.0,6740.4,6778.2,504.3589
860,1528718400,6778.3,6786.6,6724.0,6764.1,913.0510000000002
861,1528722000,6761.5,6766.3,6741.3,6743.9,518.8905
862,1528725600,6743.84,6751.0,6671.2,6707.3,1361.3269999999998
863,1528729200,6707.3,6720.9,6636.7,6692.7,1664.5710000000001
864,1528732800,6692.7,6746.9,6692.2,6728.0,1087.733
865,1528736400,6728.1,6741.47,6713.0,6713.5,305.8234
866,1528740000,6713.6,6774.7,6675.0,6744.7,1438.7846
867,1528743600,6744.7,6800.3,6732.1,6756.0,1595.8199
868,1528747200,6756.0,6761.0,6723.2,6753.4,612.5894
869,1528750800,6753.4,6770.2,6748.8,6767.1,279.1494
870,1528754400,6767.1,6790.9,6745.0,6783.2,387.6789
871,1528758000,6783.2,6899.0,6775.0,6873.3,1965.6233000000002
872,1528761600,6873.4,6873.4,6826.7,6842.8,764.825
873,1528765200,6842.9,6849.7,6825.0,6847.0,782.2031
874,1528768800,6847.0,6865.4,6833.1,6856.3,727.484
875,1528772400,6856.2,6859.1,6784.1,6811.4,1118.4728
876,1528776000,6811.5,6846.0,6804.7,6815.7,483.2865
877,1528779600,6815.8,6840.1,6814.0,6831.7,250.7248
878,1528783200,6831.7,6835.0,6827.1,6832.0,274.0117
879,1528786800,6832.1,6852.3,6812.0,6825.8,762.1892999999999
880,1528790400,6826.0,6868.6,6796.5,6846.5,1299.726
881,1528794000,6845.72,6850.0,6840.3,6842.1,404.0104
882,1528797600,6842.1,6844.0,6823.5,6836.4,335.6325
883,1528801200,6836.4,6845.1,6801.6,6827.2,661.7808
884,1528804800,6827.1,6834.3,6683.18,6722.4,1470.7251999999999
885,1528808400,6722.4,6743.8,6698.2,6732.8,1914.334
886,1528812000,6732.8,6778.7,6711.1,6752.0,709.357
887,1528815600,6752.1,6754.9,6735.3,6752.8,231.1429
888,1528819200,6752.82,6760.0,6667.0,6729.1,1717.7289999999998
889,1528822800,6729.1,6746.3,6710.0,6720.4,626.7148000000001
890,1528826400,6720.4,6724.8,6661.2,6684.2,1708.41
891,1528830000,6684.1,6684.2,6436.1,6498.5,8669.326
892,1528833600,6498.6,6577.0,6484.1,6522.34,2336.0499999999997
893,1528837200,6525.0,6550.0,6484.25,6531.8,1689.0949999999998
894,1528840800,6531.7,6559.7,6520.1,6528.5,567.6993
895,1528844400,6528.5,6572.3,6480.0,6543.9,2503.392
896,1528848000,6543.9,6570.2,6535.0,6543.9,719.308
897,1528851600,6544.0,6557.7,6536.91,6542.7,268.6567
898,1528855200,6543.5,6570.0,6543.5,6554.4,239.0465
899,1528858800,6554.3,6554.5,6530.1,6550.1,461.0037
900,1528862400,6550.1,6588.5,6517.45,6584.9,846.0690000000001
901,1528866000,6585.0,6611.7,6552.7,6570.2,1206.9163
902,1528869600,6570.1,6578.5,6563.1,6570.0,513.2718
903,1528873200,6569.9,6578.6,6533.7,6544.0,625.484
904,1528876800,6544.1,6562.6,6500.0,6522.7,1267.642
905,1528880400,6522.7,6536.2,6370.0,6400.4,4227.353
906,1528884000,6400.4,6478.4,6400.4,6431.7,1490.9320000000002
907,1528887600,6432.5,6464.42,6415.0,6447.37,1289.094
908,1528891200,6447.3,6491.2,6416.1,6456.3,2516.347
909,1528894800,6456.4,6484.8,6439.03,6454.6,568.101
910,1528898400,6454.5,6454.6,6405.1,6429.9,987.114
911,1528902000,6429.9,6460.0,6337.0,6375.1,2073.728
912,1528905600,6375.0,6408.2,6107.88,6277.0,15872.567000000001
913,1528909200,6277.0,6328.0,6226.7,6313.0,2248.558
914,1528912800,6318.0,6368.8,6308.0,6321.9,1705.654
915,1528916400,6321.8,6347.1,6250.0,6284.5,2022.3670000000002
916,1528920000,6284.2,6290.9,6225.0,6259.5,1302.838
917,1528923600,6259.6,6287.4,6214.26,6278.0,1060.225
918,1528927200,6275.9,6349.5,6270.0,6322.6,1395.391
919,1528930800,6325.1,6344.3,6275.4,6295.1,669.9159999999999
920,1528934400,6295.0,6332.9,6269.5,6273.2,743.258
921,1528938000,6273.2,6338.1,6269.6,6313.2,995.4870000000001
922,1528941600,6313.2,6548.0,6313.2,6469.5,3541.6710000000003
923,1528945200,6471.2,6498.0,6458.4,6487.9,715.3679999999999
924,1528948800,6487.9,6506.2,6469.2,6469.2,502.83330000000007
925,1528952400,6469.3,6490.0,6435.7,6470.1,874.6460000000001
926,1528956000,6470.1,6489.9,6462.1,6476.2,421.1449
927,1528959600,6479.3,6480.0,6442.1,6477.2,696.9412
928,1528963200,6477.7,6599.8,6450.2,6484.1,3683.6369999999997
929,1528966800,6484.2,6503.2,6475.4,6495.3,352.53180000000003
930,1528970400,6494.5,6500.0,6470.0,6484.7,326.8884
931,1528974000,6484.7,6538.0,6484.5,6523.3,1217.8646
932,1528977600,6523.3,6523.3,6468.8,6486.0,627.356
933,1528981200,6486.0,6486.1,6361.2,6371.7,2533.3810000000003
934,1528984800,6371.8,6436.0,6371.8,6419.0,1037.3130999999998
935,1528988400,6419.0,6419.0,6322.0,6350.0,1504.2575
936,1528992000,6349.9,6555.2,6349.9,6521.1,2681.287
937,1528995600,6521.1,6649.0,6496.7,6611.2,3743.3779999999997
938,1528999200,6611.2,6736.52,6609.6,6650.0,2432.85
939,1529002800,6650.0,6654.4,6602.2,6637.0,701.2934
940,1529006400,6637.0,6681.9,6623.0,6650.3,754.502
941,1529010000,6650.3,6687.9,6631.7,6639.7,417.4503
942,1529013600,6639.7,6650.7,6584.8,6614.8,448.9302
943,1529017200,6614.8,6709.14,6580.0,6633.7,2110.5077
944,1529020800,6633.8,6642.1,6582.4,6614.3,456.2604
945,1529024400,6613.6,6614.3,6560.0,6588.3,710.6717
946,1529028000,6588.2,6590.6,6555.0,6589.8,565.2045
947,1529031600,6589.9,6618.5,6584.7,6598.0,384.9174
948,1529035200,6598.0,6598.1,6550.3,6559.9,807.7039
949,1529038800,6559.9,6584.1,6550.2,6574.2,426.5003
950,1529042400,6574.2,6615.0,6559.5,6580.6,515.9148
951,1529046000,6580.7,6598.1,6566.5,6572.6,446.2185
952,1529049600,6572.6,6614.48,6550.2,6589.5,690.8355
953,1529053200,6589.5,6597.4,6554.7,6588.2,735.42
954,1529056800,6588.2,6597.0,6555.2,6585.6,792.4408000000001
955,1529060400,6585.6,6659.0,6450.0,6530.08,2182.266
956,1529064000,6529.5,6530.0,6478.1,6502.72,1114.517
957,1529067600,6502.8,6523.8,6476.3,6502.0,713.0504999999999
958,1529071200,6502.0,6539.0,6483.2,6526.1,569.6699
959,1529074800,6526.6,6546.2,6519.0,6541.1,520.8003
960,1529078400,6541.0,6632.81,6532.9,6555.1,941.552
961,1529082000,6555.04,6566.6,6494.9,6534.7,872.9989999999999
962,1529085600,6534.6,6553.9,6534.6,6547.6,86.91150000000002
963,1529089200,6547.7,6548.0,6526.9,6543.0,260.4068
964,1529092800,6543.0,6543.2,6450.0,6494.6,1544.3907
965,1529096400,6494.5,6497.8,6463.7,6478.0,384.1558
966,1529100000,6477.3,6478.3,6386.1,6404.7,2313.515
967,1529103600,6404.7,6422.5,6300.2,6385.0,3250.174
968,1529107200,6386.0,6423.3,6378.6,6394.7,867.8878
969,1529110800,6394.7,6457.3,6384.2,6443.6,392.86519999999996
970,1529114400,6443.6,6443.7,6426.3,6442.0,162.32489999999999
971,1529118000,6442.0,6442.0,6401.8,6412.2,206.70110000000003
972,1529121600,6411.4,6432.9,6410.2,6425.0,131.4974
973,1529125200,6425.1,6477.0,6425.0,6456.1,384.90599999999995
974,1529128800,6456.1,6476.6,6434.3,6457.2,713.5305000000001
975,1529132400,6455.7,6472.0,6455.1,6459.6,159.13764
976,1529136000,6459.6,6459.6,6425.0,6453.1,272.5904
977,1529139600,6453.1,6464.0,6445.2,6464.0,176.5344
978,1529143200,6464.0,6499.7,6453.2,6455.8,579.1901
979,1529146800,6457.1,6460.0,6429.3,6448.7,599.3513
980,1529150400,6448.7,6465.2,6413.2,6432.9,1229.1176
981,1529154000,6433.0,6433.9,6368.2,6406.4,936.6816999999999
982,1529157600,6406.4,6416.8,6393.0,6405.9,502.71209999999996
983,1529161200,6406.0,6410.2,6330.0,6360.3,1238.464
984,1529164800,6360.3,6548.0,6332.9,6517.5,1869.79
985,1529168400,6517.6,6545.8,6490.5,6523.5,1089.9951999999998
986,1529172000,6523.4,6530.3,6502.6,6510.0,276.0972
987,1529175600,6509.9,6510.8,6485.0,6495.7,221.98549999999997
988,1529179200,6495.6,6543.5,6493.0,6523.8,472.4022
989,1529182800,6523.9,6559.7,6508.8,6522.2,558.571
990,1529186400,6522.8,6548.1,6519.3,6526.4,340.01840000000004
991,1529190000,6526.4,6526.4,6466.0,6485.9,314.82059999999996
992,1529193600,6489.0,6527.7,6485.9,6507.6,342.36672999999996
993,1529197200,6506.1,6527.42,6501.7,6513.5,125.85750000000002
994,1529200800,6513.5,6530.9,6513.4,6521.0,112.85156999999998
995,1529204400,6521.0,6536.5,6520.8,6534.9,202.04039999999998
996,1529208000,6535.7,6552.9,6509.2,6528.3,443.9179
997,1529211600,6528.3,6532.1,6508.7,6508.7,292.5073
998,1529215200,6508.8,6513.6,6503.0,6509.2,96.5814
999,1529218800,6509.7,6534.6,6509.7,6527.7,229.4041
